Actual_kg,Run1_kg,Run2_kg,Run3_kg,Average_kg,Error_Mean_kg,StdDev_kg,Run1_mV,Run2_mV,Run3_mV,Average_mV,StdDev_mV
0,0.468833729549774,0.556892448594311,-0.122074130160124,0.301217349327987,0.301217349327987,0.369215847378422,186.896564438943,211.219263226235,23.6819045084722,140.599244057883,101.981109204394
1,1.07614743155868,1.86894156901121,1.01084911428352,1.31864603828447,0.318646038284469,0.477686974820447,354.642682070823,573.620350776586,336.606633856251,421.623222234553,131.941919315156
2,2.3235273315823,2.09425575491212,2.44321353992961,2.28699887547468,0.286998875474678,0.177323517927781,699.181484256348,635.854382064276,732.240011863958,689.091959394861,48.9785288868325
3,3.57408721748076,3.2967515200132,3.54303784414779,3.47129219388058,0.471292193880585,0.151951804930555,1044.59863034036,967.995737342846,1036.02248293206,1016.20561687176,41.9706080398685
4,4.75998284662302,4.51778197447085,4.94776018223743,4.7418416677771,0.741841667777099,0.21556238439482,1372.15486206574,1305.25655916859,1424.0208399358,1367.14408705671,59.5404861936932
5,5.80670039357655,7.25985011628937,6.40252117554614,6.48969056180402,1.48969056180402,0.730486074871054,1661.26871570978,2062.64320062029,1825.8403738976,1849.91743007589,201.767558740134
6,7.57870306363179,8.32040842000293,7.74027201910947,7.87979450091473,1.87979450091473,0.390040512144871,2150.71357320574,2355.58000968901,2195.34053439823,2233.87803909766,107.733089859535
7,8.92103162374478,9.80337018421853,8.95582007363247,9.22674062719859,2.22674062719859,0.499678690343258,2521.47814479455,2765.188878583,2531.08706253802,2605.91802863852,138.016251059711
8,10.3764813228886,10.8824563248194,10.8348328532773,10.6979235003285,2.69792350032845,0.279393636001953,2923.48790619506,3063.24326147838,3050.08918240373,3012.27345002572,77.1713162000994
9,11.6780917175605,11.737623203709,11.6874313275811,11.7010487496169,2.70104874961686,0.0320167939983886,3283.0057133074,3299.44890509645,3285.58540699117,3289.34667513167,8.84335867029495
10,11.7390792573588,11.7178001537047,11.7396177644801,11.7321657251812,1.73216572518121,0.0124438631608386,3299.85108167508,3293.97358045476,3299.99982272706,3297.9414949523,3.4371194436552
