Timestamp,Elapsed_Time_s,Actual_kg,Measured_kg,Measured_mV,Error_kg
2026-10-02 02:39:10,11.3441516,0,0.271212508205284,132.311606891381,0.271212508205284
2026-10-02 02:39:23,23.9460468,1,1.61355370817989,503.079669736368,0.613553708179893
2026-10-02 02:39:30,31.0194134,2,2.8012888859484,831.144003187807,0.801288885948399
2026-10-02 02:39:40,40.699051,3,4.06274501467623,1179.57080050372,1.06274501467623
2026-10-02 02:39:48,48.6031302,4,5.28924956627694,1518.34362270135,1.28924956627694
2026-10-02 02:40:00,60.9742136,5,6.51796450249553,1857.72697523429,1.51796450249553
2026-10-02 02:40:06,67.1617231,6,7.74711720407638,2197.23124293794,1.74711720407638
2026-10-02 02:40:13,74.0147434,7,9.02087170637605,2549.05497401813,2.02087170637605
2026-10-02 02:40:20,81.3780891,8,10.2398051065499,2885.73656848014,2.23980510654988
2026-10-02 02:40:29,90.2472867,9,11.4613939975774,3223.15163607084,2.46139399757736
2026-10-02 02:40:51,111.9401495,10,11.7394818842824,3299.96229125764,1.73948188428239
